<?xml version="1.0" encoding="utf-8"?>
<manifest xmlns:android="http://schemas.android.com/apk/res/android"
    package="com.android.smartkitchen"
    android:versionCode="1"
    android:versionName="1.0" >

    <uses-sdk
        android:minSdkVersion="14"
        android:targetSdkVersion="24" />

    <uses-permission android:name="android.permission.INTERNET" />

    <!--
         The ACCESS_COARSE/FINE_LOCATION permissions are not required to use
         Google Maps Android API v2, but you must specify either coarse or fine
         location permissions for the 'MyLocation' functionality. 
    -->
    <uses-permission android:name="android.permission.ACCESS_FINE_LOCATION" />
    <uses-permission android:name="android.permission.ACCESS_NETWORK_STATE" /> <!-- Optional permission for Analytics to run. -->
    <uses-permission android:name="android.permission.WAKE_LOCK" />
    <uses-permission android:name="com.google.android.c2dm.permission.RECEIVE" />

    <permission
        android:name="com.android.smartkitchen.permission.C2D_MESSAGE"
        android:protectionLevel="signature" />

    <uses-permission android:name="com.android.smartkitchen.permission.C2D_MESSAGE" />

    <uses-feature
        android:glEsVersion="0x00020000"
        android:required="true" />

    <application
        android:name="com.android.tools.fd.runtime.BootstrapApplication"
        android:allowBackup="true"
        android:icon="@mipmap/ic_launcher"
        android:label="@string/app_name"
        android:supportsRtl="true"
        android:theme="@style/AppTheme" >
        <activity
            android:name="com.android.smartkitchen.Home"
            android:label="@string/app_name"
            android:theme="@style/AppTheme.NoActionBar" >
            <intent-filter>
                <action android:name="android.intent.action.MAIN" />

                <category android:name="android.intent.category.LAUNCHER" />
            </intent-filter>
        </activity>

        <meta-data
            android:name="android.support.PARENT_ACTIVITY"
            android:value=".Home" />

        <activity
            android:name="com.android.smartkitchen.ShoppingList"
            android:label="Shopping List" />
        <!--
             The API key for Google Maps-based APIs is defined as a string resource.
             (See the file "res/values/google_maps_api.xml").
             Note that the API key is linked to the encryption key used to sign the APK.
             You need a different API key for each encryption key, including the release key that is used to
             sign the APK for publishing.
             You can define the keys for the debug and release targets in src/debug/ and src/release/. 
        -->
        <meta-data
            android:name="com.google.android.geo.API_KEY"
            android:value="@string/google_maps_key" />

        <!-- Include the AdActivity and InAppPurchaseActivity configChanges and themes. -->
        <activity
            android:name="com.google.android.gms.ads.AdActivity"
            android:configChanges="keyboard|keyboardHidden|orientation|screenLayout|uiMode|screenSize|smallestScreenSize"
            android:theme="@android:style/Theme.Translucent" />
        <activity
            android:name="com.google.android.gms.ads.purchase.InAppPurchaseActivity"
            android:theme="@style/Theme.IAPTheme" />

        <meta-data
            android:name="com.google.android.gms.version"
            android:value="@integer/google_play_services_version" />

        <activity
            android:name="com.google.android.gms.common.api.GoogleApiActivity"
            android:exported="false"
            android:theme="@android:style/Theme.Translucent.NoTitleBar" />
        <activity
            android:name="com.google.android.gms.appinvite.PreviewActivity"
            android:exported="true"
            android:theme="@style/Theme.AppInvite.Preview" >
            <intent-filter>
                <action android:name="com.google.android.gms.appinvite.ACTION_PREVIEW" />

                <category android:name="android.intent.category.DEFAULT" />
            </intent-filter>
        </activity>
        <activity
            android:name="com.google.android.gms.auth.api.signin.internal.SignInHubActivity"
            android:excludeFromRecents="true"
            android:exported="false"
            android:theme="@android:style/Theme.Translucent.NoTitleBar" />
        <!--
Service handling Google Sign-In user revocation. For apps that do not integrate with
            Google Sign-In, this service will never be started.
        -->
        <service
            android:name="com.google.android.gms.auth.api.signin.RevocationBoundService"
            android:exported="true"
            android:permission="com.google.android.gms.auth.api.signin.permission.REVOCATION_NOTIFICATION" />

        <receiver android:name="com.google.android.gms.cast.framework.media.MediaIntentReceiver" />

        <service android:name="com.google.android.gms.cast.framework.media.MediaNotificationService" />
        <service android:name="com.google.android.gms.cast.framework.ReconnectionService" />

        <receiver
            android:name="com.google.firebase.iid.FirebaseInstanceIdReceiver"
            android:exported="true"
            android:permission="com.google.android.c2dm.permission.SEND" >
            <intent-filter>
                <action android:name="com.google.android.c2dm.intent.RECEIVE" />
                <action android:name="com.google.android.c2dm.intent.REGISTRATION" />

                <category android:name="com.android.smartkitchen" />
            </intent-filter>
        </receiver>
        <!--
 Internal (not exported) receiver used by the app to start its own exported services
             without risk of being spoofed.
        -->
        <receiver
            android:name="com.google.firebase.iid.FirebaseInstanceIdInternalReceiver"
            android:exported="false" />
        <!--
 FirebaseInstanceIdService performs security checks at runtime,
             no need for explicit permissions despite exported="true"
        -->
        <service
            android:name="com.google.firebase.iid.FirebaseInstanceIdService"
            android:exported="true" >
            <intent-filter android:priority="-500" >
                <action android:name="com.google.firebase.INSTANCE_ID_EVENT" />
            </intent-filter>
        </service>

        <provider
            android:name="com.google.firebase.provider.FirebaseInitProvider"
            android:authorities="com.android.smartkitchen.firebaseinitprovider"
            android:exported="false"
            android:initOrder="100" />

        <service
            android:name="com.google.firebase.crash.internal.service.FirebaseCrashReceiverService"
            android:process=":background_crash" />
        <service
            android:name="com.google.firebase.crash.internal.service.FirebaseCrashSenderService"
            android:process=":background_crash" />

        <receiver
            android:name="com.google.android.gms.measurement.AppMeasurementReceiver"
            android:enabled="true"
            android:exported="false" >
        </receiver>
        <receiver
            android:name="com.google.android.gms.measurement.AppMeasurementInstallReferrerReceiver"
            android:enabled="true"
            android:permission="android.permission.INSTALL_PACKAGES" >
            <intent-filter>
                <action android:name="com.android.vending.INSTALL_REFERRER" />
            </intent-filter>
        </receiver>

        <service
            android:name="com.google.android.gms.measurement.AppMeasurementService"
            android:enabled="true"
            android:exported="false" />
        <!--
 FirebaseMessagingService performs security checks at runtime,
             no need for explicit permissions despite exported="true"
        -->
        <service
            android:name="com.google.firebase.messaging.FirebaseMessagingService"
            android:exported="true" >
            <intent-filter android:priority="-500" >
                <action android:name="com.google.firebase.MESSAGING_EVENT" />
            </intent-filter>
        </service>
        <service
            android:name="com.google.android.gms.tagmanager.TagManagerService"
            android:enabled="true"
            android:exported="false" />

        <activity
            android:name="com.google.android.gms.tagmanager.TagManagerPreviewActivity"
            android:noHistory="true" > <!-- optional, removes the previewActivity from the activity stack. -->
            <intent-filter>
                <data android:scheme="tagmanager.c.com.android.smartkitchen" />

                <action android:name="android.intent.action.VIEW" />

                <category android:name="android.intent.category.DEFAULT" />
                <category android:name="android.intent.category.BROWSABLE" />
            </intent-filter>
        </activity>
    </application>

</manifest>